,playerId,possession
0,9206,0.44699865688604196
1,9127,0.43901808785529717
2,93,0.43828752270995724
3,9179,0.4713216957605985
4,10108,0.43333528003270455
5,8433,0.44279381408412577
6,8125,0.4390807955403004
7,9433,0.44646314221891287
8,8980,0.4404879077615298
9,8643,0.43807381064702255
10,12242,0.4368587109261076
11,8925,0.45483028720626634
12,8284,0.4406363713294406
13,532949,1.0
14,259531,0.5034867503486751
15,7989,0.45563558651258507
16,245813,0.48933143669985774
17,11669,0.4792194426852438
18,239411,0.39503205128205127
19,8296,0.49618160162544667
20,9277,0.4680393709695667
21,9285,0.48212801330008315
22,62224,0.485045212149316
23,9739,0.47903460766171896
24,8351,0.47338888656253925
25,8726,0.4783647283647284
26,134102,0.4777891124918854
27,9637,0.49568536874859653
28,8623,0.4643608627038401
29,38031,0.44217371110078957
30,454,0.44186732549135294
31,25703,0.5390625
32,8471,0.4567397146991937
33,8049,0.6249176005273567
34,7988,0.4733355863467388
35,8425,0.4535347870550589
36,127537,0.4499844107254209
37,25430,0.4774892866145702
38,235555,0.4758423807258099
39,486252,0.41674733785091966
40,8422,0.47270825408900724
41,8554,0.4522722695844801
42,25537,0.4162600085279765
43,261,0.4457748888128635
44,3577,0.424992995236761
45,8686,0.4230156498922313
46,8958,0.412640578379619
47,7907,0.5841857893281726
48,119951,0.41612670986321093
49,7853,0.4225220521557528
50,8530,0.407387050676047
51,8370,0.425643610096174
52,8360,0.41793386048596215
53,8285,0.4156447091800981
54,8358,0.4181899662711984
55,5281,0.40767935331761535
56,25867,0.5992556594488189
57,7945,0.5976574477218373
58,14869,0.5882553889249479
59,3560,0.6109710369795708
60,230020,0.5952178662459037
61,279717,0.5870148311770275
62,370224,0.5867556937711516
63,20612,0.6005935292409922
64,25413,0.6206041776837652
65,105338,0.5467934542237948
66,25662,0.5631145896046559
67,167145,0.5972742920468747
68,7870,0.5992557320635429
69,49876,0.5957361222847949
70,9419,0.4839891975308642
71,38377,0.43067432461178473
72,214654,0.47149524920820135
73,303357,0.41152101006115605
74,8897,0.43060509554140125
75,8745,0.4021543985637343
76,132,0.41732193732193734
77,15215,0.45032861176358935
78,62389,0.45603413039035356
79,55979,0.4522365342238579
80,282550,0.44775426874536006
81,56038,0.4522365342238579
82,14796,0.4174614472123369
83,8290,0.47342427093132644
84,120,0.4086502609992543
85,15526,0.44712385184382364
86,61961,0.41829996855675505
87,8416,0.45070574679533343
88,8242,0.44019459822177487
89,13451,0.44937694704049846
90,61390,0.4417237102035191
91,9097,0.4417237102035191
92,8086,0.44107142857142856
93,26495,0.4341971811282482
94,25950,0.4549872790136343
95,247248,0.44155898290954565
96,466,0.43931114007821115
97,20855,0.4222073252483393
98,25747,0.5996066404426962
99,8140,0.6142455961194792
100,15808,0.5895026296820354
101,8955,0.6387078492490791
102,120353,0.5942832548483468
103,351808,0.7478991596638656
104,25393,0.5880264699800096
105,286831,0.6332653306132245
106,346101,0.5872517796927689
107,222220,0.6021687813514311
108,116,0.5767871954778655
109,7964,0.6038665272107696
110,15175,0.5981422841460841
111,370,0.5688167083937278
112,68085,0.4841653799965689
113,8889,0.4937344276711124
114,3348,0.5767645543534261
115,8903,0.5140966367509745
116,10663,0.47268545140885565
117,7888,0.4468685348880948
118,92899,0.4944847903535215
119,28292,0.4915390421465268
120,8981,0.5028810020876827
121,160,0.47735284930161986
122,8266,0.4917384655551826
123,20593,0.4911646785130921
124,9403,0.4542980630702737
125,377071,0.4911694101508916
126,7939,0.5260055584399719
127,8135,0.5998512458162886
128,38,0.5743664312422102
129,3413,0.5113404466211883
130,7928,0.5495923913043478
131,7936,0.5680049797696857
132,3361,0.5863817970587402
133,21095,0.5190890823844608
134,101652,0.5194744251525105
135,397174,0.5454954954954955
136,397178,0.5526195140249239
137,20606,0.5125977410947002
138,7906,0.5847260007773027
139,256998,0.5003442735827405
140,12536,0.4334626345788474
141,3327,0.41972625543327474
142,9227,0.4359191987777966
143,134294,0.39918139957933035
144,8620,0.42868913857677904
145,26109,0.31958762886597936
146,7967,0.43262555453960516
147,252365,0.43425742035530646
148,104851,0.4382609891999725
149,3523,0.4396278207550533
150,8833,0.4252125398512221
151,293686,0.39134343693809404
152,230883,0.43561138714415176
153,7978,0.41751143382526285
154,26010,0.5876106194690266
155,3324,0.5601369767279335
156,8246,0.5726898175397293
157,105333,0.5545567851342674
158,25707,0.5443052860586817
159,3360,0.5691322835381524
160,8625,0.5341763614904738
161,40787,0.5723329425556858
162,135103,0.5466169051074712
163,25553,0.5488351061539124
164,31528,0.5571138898276444
165,28291,0.5424553997003949
166,7887,0.5471069268829027
167,3429,0.5454731620742224
168,8464,0.6875415558510638
169,340386,0.697928369208646
170,265673,0.6973180076628352
171,404397,0.6377952755905512
172,14808,0.6671192471557658
173,447205,0.7061538461538461
174,9380,0.6816138394127355
175,245364,0.6861450324136892
176,3662,0.6958895311496468
177,70083,0.6899513776337115
178,134502,0.5745479572045298
179,11066,0.6935952374104858
180,38021,0.6898875863563055
181,105339,0.6944264671619768
182,8953,0.4902956785443518
183,8384,0.508080958774678
184,8116,0.5056630003679928
185,8144,0.5015250740109446
186,7885,0.5130178401878966
187,297733,0.4638646847770374
188,383,0.5204113698043137
189,8136,0.5038251366120219
190,7899,0.49887488138809816
191,268776,0.4869833474989769
192,135114,0.47460757156048017
193,703,0.49870584652862365
194,70389,0.5172453077383157
195,8580,0.4926243396790591
196,8498,0.4202773497688752
197,77550,0.4847560975609756
198,77557,0.4716282202390975
199,343951,0.4718194998187749
200,77552,0.47344097344097347
201,10252,0.4470204876587138
202,246866,0.4491890690957565
203,8976,0.45894117647058824
204,25571,0.4493128752501668
205,284,0.4063134505612382
206,25572,0.4611749680715198
207,8192,0.45097756294639635
208,77541,0.46622516556291393
209,7847,0.4491890690957565
210,77548,0.4313537164505629
211,7932,0.43274139844617093
212,399564,0.4628410159924741
213,8017,0.41169853768278963
214,15054,0.4186076355470003
215,49971,0.4104970230390888
216,207164,0.4004702770225586
217,49872,0.42612238202001423
218,8731,0.4396444885096137
219,8094,0.42169691853102576
220,107,0.4304204120717882
221,8747,0.45517933548148537
222,25854,0.42563199815306474
223,149019,0.47031089368641216
224,419784,0.5204460966542751
225,283142,0.48601889992730796
226,277002,0.5284043441938179
227,285508,0.48342344180352953
228,448708,0.47572815533980584
229,8653,0.48038819247877074
230,93084,0.42843089030988685
231,8488,0.4765950018910191
232,14853,0.44332525286299423
233,3928,0.4814387825685958
234,70403,0.5154970112906797
235,12829,0.4812682308180089
236,26150,0.4822898930973847
237,40765,0.6151940545004129
238,13484,0.5971198578223825
239,20441,0.6063868282974488
240,257762,0.5964749813293503
241,25804,0.5959668508287292
242,14911,0.6122569626904887
243,210044,0.6020696398500733
244,402884,0.6307890222984562
245,36,0.5974342105263157
246,8717,0.6047248848969734
247,54,0.6066738171850793
248,8292,0.6176617661766176
249,61967,0.6256684491978609
250,25381,0.60005664919983
251,86325,0.500355871886121
252,56,0.5245528455284553
253,32636,0.46787308673469385
254,7879,0.4780180989666902
255,353236,0.45085533262935584
256,9194,0.4496312286382443
257,8245,0.4469435051859732
258,8239,0.46638358103326255
259,145692,0.45418115832451234
260,10131,0.45695013582577465
261,25706,0.4645897222779513
262,8143,0.4545157780195865
263,7919,0.45425181688303623
264,8240,0.46772068511198944
265,26499,0.45182585443302414
266,265318,0.436326884204447
267,41174,0.4576429768819929
268,20620,0.44953942706751693
269,8582,0.4539276328015079
270,8005,0.4608401419493274
271,14703,0.4598947258340015
272,21100,0.44402403739149787
273,379209,0.42936226749335693
274,70965,0.4964104098115465
275,37725,0.46281691786423645
276,3582,0.42380598401784053
277,8313,0.45316997564395894
278,8561,0.4361437800231903
279,7970,0.5008397715821297
280,7934,0.5522345105455742
281,7910,0.5467496388487609
282,7918,0.5464468533574225
283,71703,0.5586246418338109
284,7922,0.5379004123057406
285,7938,0.5386639458704758
286,4255,0.44558359621451105
287,91381,0.434996993385448
288,3278,0.45593252827295383
289,241564,0.7157327019205473
290,26136,0.673226643598616
291,8324,0.7333704425271361
292,353241,0.8198529411764706
293,8307,0.6989043404972608
294,254898,0.45116687394835026
295,8945,0.5830364647960613
296,48,0.5972954279854039
297,136441,0.5965123466831506
298,346158,0.7129909365558912
299,413002,0.5213706705969049
300,7882,0.6027276412102716
301,49859,0.4970443843302274
302,22889,0.5779620708579791
303,3551,0.6041722385664616
304,3350,0.5482638673209516
305,8032,0.5469761606022585
306,14748,0.5491414404211686
307,173,0.47854501997983345
308,11078,0.4343087790110999
309,9280,0.5295390123825153
310,8336,0.44273777955671184
311,179,0.4944458470083312
312,61962,0.43045524628743
313,21164,0.44455269642959483
314,386197,0.5064599483204134
315,240032,0.44770191034613205
316,20857,0.5440672919458092
317,7873,0.6122043690196787
318,171283,0.5994873985476292
319,7856,0.6166957195429014
320,9123,0.4382296095863935
321,270828,0.5012567324955116
322,8392,0.6242011077971878
323,8319,0.6039892970080273
324,4908,0.5721102863202545
325,70086,0.6891501395440737
326,8277,0.6877651585022003
327,8317,0.6964066293044026
328,71654,0.6903844389393522
329,284476,0.47782070067936594
330,29640,0.5229885057471264
331,9293,0.4896492461526443
332,302518,0.48375914306513673
333,9279,0.48852646638054364
334,21333,0.5098591549295775
335,8066,0.5157705016521478
336,7915,0.47144697294976384
337,25798,0.49196347519624073
338,92864,0.4902302186109499
339,3436,0.4057951839110876
340,339789,0.43720043887509386
341,9414,0.42203544534874876
342,3424,0.6426219694702185
343,332605,0.41473504497997243
344,7957,0.41086096744752054
345,399514,0.42492639842983315
346,8221,0.487665355738291
347,7958,0.4226182675927139
348,8501,0.45245709652718347
349,8249,0.5238471971066908
350,134513,0.5451627906976744
351,70122,0.5476661345278658
352,3351,0.5030454695689126
353,70156,0.5021351031537789
354,11152,0.5926002224877426
355,397098,0.5643652561247215
356,346159,0.6091954022988506
357,7905,0.5399273104880582
358,7941,0.4631074753780744
359,265366,0.4747796685327864
360,350976,0.5152714177744188
361,8013,0.4837353396769197
362,7944,0.466197133991144
363,16436,0.47157479343938835
364,7914,0.4342866988283942
365,119630,0.45558256966523286
366,134,0.40939109760929865
367,74,0.5922508284476167
368,257899,0.5930989583333334
369,293687,0.4475920679886686
370,61979,0.4519921619856303
371,120339,0.6156265518953815
372,7855,0.5960807065042223
373,8301,0.4846673095467695
374,20505,0.511386811692726
375,346071,0.47909298939047223
376,7868,0.5733801228224088
377,61988,0.5467562677694495
378,25785,0.6084930919995716
379,58978,0.4078747833622184
380,86308,0.4024621212121212
381,14763,0.47478890229191795
382,8480,0.48005670819815155
383,240559,0.41796654764142077
384,234408,0.40576923076923077
385,14688,0.4986767485822306
386,447379,0.44699579027937236
387,302520,0.5811919081465281
388,365707,0.41208791208791207
389,8325,0.6894542994588094
390,70215,0.42535915053091816
391,450826,0.7018469656992085
392,3319,0.6033875565990273
393,9532,0.4061597690086622
394,8677,0.4557126103326955
395,280157,0.3904494382022472
396,215983,0.5345258703596846
397,86239,0.5710807267278517
398,8566,0.6144578313253012
399,16122,0.4696844831645868
400,8959,0.47310476874289475
401,8944,0.4343293070565798
402,397168,0.44290358630498833
403,14870,0.5806322529011605
404,21160,0.5090574445413155
405,18550,0.5710493223417633
406,8460,0.4635426359474448
407,434159,0.4022573363431151
408,355937,0.4506747019520503
409,15198,0.43030057760935947
410,7961,0.48149679553442215
411,92947,0.35609756097560974
412,3326,0.40601503759398494
413,55224,0.37303321678321677
414,77558,0.4553872053872054
415,64966,0.454796179200861
416,15823,0.4127060110784381
417,8495,0.5044358365612895
418,217078,0.479140127388535
419,192748,0.4628639808536099
420,8553,0.470520736571772
421,224206,0.4543561263450191
422,340,0.4636561526313543
423,77546,0.46145289638059384
424,8583,0.4235841737781226
425,286825,0.43376623376623374
426,8314,0.4228098623757848
427,70085,0.6326882780722297
428,11294,0.41655732583567634
429,9164,0.4280213529360287
430,189821,0.4865790087917218
431,291528,0.7671232876712328
432,7892,0.5374909222948439
433,8826,0.42773218142548597
434,8004,0.4173993521517816
435,262,0.43949677205760634
436,471,0.46173081104587954
437,15474,0.321285140562249
438,8362,0.36238234339500164
439,8516,0.44113296849578465
440,7929,0.4988606633471179
441,340476,0.5299159120310478
442,25865,0.4395763119884449
443,447538,0.39869281045751637
444,77536,0.5776105362182502
445,70092,0.43867274018972796
446,8624,0.4906832298136646
447,25885,0.45250114731528224
448,8627,0.45655125594025797
449,442211,0.5740452065471551
450,3657,0.4434693305947157
451,212651,0.580078125
452,38093,0.5341545352743561
453,415748,0.4297891431135038
454,65254,0.4285538461538462
455,134351,0.4892203189604253
456,274488,0.5317857142857143
457,288865,0.525
458,258162,0.48294243070362475
459,25415,0.5586638830897703
460,397163,0.0
461,8514,0.5834844168177501
462,447812,0.4200255918106206
463,255935,0.40684585343441304
464,9283,0.4893476465730801
465,8186,0.46002129209390935
466,8142,0.47038964692643126
467,3343,0.34507640067911716
468,448038,0.4574898785425101
469,3802,0.6103623210158197
470,4365,0.47872044506258693
471,7864,0.4818860367740761
472,8391,0.4644045782936927
473,337225,0.4141962914845872
474,37726,0.3952941176470588
475,7974,0.41446492007104796
476,8752,0.41870824053452116
477,20420,0.5845070422535211
478,240070,0.575993091537133
479,281135,0.47547974413646055
480,61941,0.5239690721649485
481,415747,0.23547400611620795
482,62344,0.39919354838709675
483,25604,0.3985419198055893
484,5911,0.5233880136430079
485,406682,0.5025213768910327
486,26610,0.4709293680297398
487,423162,0.6935483870967742
488,128214,0.4688763136620857
489,237268,0.498220640569395
490,279709,0.45017352503718394
491,9623,0.418179468957943
492,8935,0.4569517161140198
493,8761,0.40941739824421386
494,92922,0.42146450531022916
495,8992,0.6408695652173914
496,8126,0.47720440881763526
497,8096,0.4261682242990654
498,15301,0.5226130653266332
499,13745,0.5138888888888888
500,8374,0.4318555008210181
501,62091,0.40904806786050896
502,3557,0.44807849550286183
503,9622,0.4182692307692308
504,531655,0.6298932384341637
505,77502,0.4640095181439619
506,8272,0.4896551724137931
507,14886,0.355
508,32968,0.4411094734021171
509,269676,0.7272727272727273
510,297258,0.3059360730593607
511,227756,0.6990291262135923
512,20450,0.40645260882988576
513,447254,0.3643122676579926
514,134708,0.4951310861423221
515,286390,0.6281740760996953
516,8323,0.5773423147581139
517,3359,0.6107310920293019
518,3353,0.6298948042078317
519,3291,0.618836393645554
520,3476,0.6209644146467251
521,3346,0.6126961085366535
522,222770,0.6113707540351723
523,3341,0.6089889489127156
524,15008,0.6159755910178458
525,3269,0.6141044696889266
526,256634,0.6214125788723794
527,7972,0.618793878478711
528,261127,0.5464453554644536
529,3282,0.5552545613895307
530,278288,0.5438173498007184
531,278289,0.5602098466505246
532,3680,0.5389665098644948
533,3678,0.5543048248297239
534,355599,0.5535593220338983
535,3667,0.5608967781654012
536,3676,0.553381309148265
537,225996,0.5564833990246509
538,3994,0.527190491216998
539,3576,0.5569086651053864
540,40770,0.5483824955782507
541,3828,0.5441259134345138
542,3443,0.4844743437541221
543,4338,0.5034206343721926
544,254408,0.4890995872033024
545,3682,0.484273994840131
546,4375,0.49946421521628787
547,227894,0.4705755084379057
548,70273,0.4753194853102631
549,7908,0.4823723972036383
550,4488,0.4705499057503898
551,3434,0.4949858004969826
552,8311,0.47162520358956345
553,3447,0.45735961900542693
554,279545,0.4742345544013122
555,3441,0.47508863003291973
556,4180,0.5043296985246953
557,4805,0.5198468807117977
558,279555,0.5133373749621097
559,385273,0.532432149219323
560,225948,0.500142979696883
561,70507,0.5085838518629583
562,20436,0.5131759538841614
563,212644,0.49134377576257215
564,247207,0.5187049615557011
565,140046,0.519872040946897
566,5542,0.5167059807112359
567,3843,0.519807583474816
568,3874,0.5201878256100905
569,390613,0.3333333333333333
570,3798,0.5181897874205567
571,282438,0.44792517677550214
572,3293,0.4757803599908863
573,450784,0.5215223735408561
574,7623,0.46731782853399245
575,3803,0.47130724660687356
576,3806,0.4833915373994965
577,41124,0.46738382099827885
578,3797,0.45162936037242524
579,341752,0.46547314578005117
580,4303,0.4665302821256958
581,3519,0.4732472324723247
582,5400,0.4653985675751093
583,3816,0.47241446534749976
584,286963,0.4813399054421084
585,3414,0.4938508839354343
586,4113,0.4761493632635441
587,344075,0.49099325191009985
588,247141,0.49796759603824353
589,167119,0.45815722738799664
590,3397,0.4907053197848177
591,230857,0.5471743875818579
592,230862,0.4860706062931696
593,3290,0.49988438415292125
594,344068,0.48301834735825633
595,3595,0.5160724722384571
596,3425,0.5334928229665071
597,3421,0.48772102161100195
598,3286,0.48866427112685157
599,25623,0.4787885964652595
600,22202,0.4917330527581542
601,250885,0.4811905342766528
602,70129,0.4798303952603607
603,86307,0.512309039602997
604,237034,0.4924129629042988
605,4892,0.4896816976127321
606,215265,0.5143687991789258
607,265864,0.49405076679005816
608,372752,0.48462472514850186
609,70112,0.4827181080876222
610,4065,0.49670589560222983
611,302542,0.49036440084092503
612,239843,0.45354512379093087
613,105541,0.4772443181818182
614,275497,0.4834894036471168
615,3451,0.4649560465668805
616,105587,0.4360100376411543
617,99,0.4627964022894522
618,516397,0.4476629361421988
619,4440,0.44936708860759494
620,3465,0.4513294276701217
621,56025,0.48946828414509025
622,70451,0.47224169994817233
623,4511,0.45846171402487734
624,32652,0.4933127855137872
625,3325,0.4720621594138659
626,8287,0.5820268546995724
627,3321,0.5992337944128018
628,3322,0.5863604103490547
629,4498,0.5905434830911434
630,3563,0.6034625579854208
631,69404,0.5795076031860971
632,4501,0.6033770855013596
633,40756,0.5857163020465773
634,3309,0.5825958702064897
635,3310,0.5900848390648274
636,3306,0.5962545372779544
637,352985,0.5915080527086384
638,8278,0.5837528135870678
639,14723,0.5921142745328246
640,4332,0.4624489280148267
641,122832,0.446
642,274435,0.49462514417531717
643,267134,0.531173807035876
644,399676,0.505001929527711
645,134174,0.5007102803738318
646,22578,0.49558998808104887
647,20623,0.4936520799567801
648,3486,0.4552186177715092
649,286994,0.4855241264559068
650,20393,0.5124693112805272
651,3695,0.503022683500963
652,3529,0.49976857524027335
653,364860,0.496054114994363
654,278278,0.424852890273451
655,226005,0.4406981356604522
656,3423,0.4196560020108442
657,364870,0.4262169413568417
658,3650,0.42296496335005085
659,3538,0.3972043823196071
660,208694,0.4206648977680662
661,134249,0.4088747132225393
662,352328,0.4373379429559205
663,224080,0.3964589387579378
664,3299,0.41642694177164963
665,489488,0.4316469321851453
666,91064,0.40117430190482695
667,8200,0.5338802691198682
668,86828,0.5261127725046592
669,20764,0.5222679640718563
670,70125,0.5446901579586877
671,472489,0.46060606060606063
672,4015,0.5445652873415278
673,20823,0.5356260210279395
674,134503,0.5353449824237293
675,112366,0.5214530139510397
676,278320,0.5299210743314878
677,25795,0.5535396818161098
678,101649,0.52674440125856
679,3605,0.4180902659788082
680,4343,0.5390512697652132
681,3572,0.40657487091222033
682,25577,0.5158023735810113
683,94828,0.40120260564556537
684,4593,0.40530185357771564
685,5677,0.4046027397260274
686,344140,0.40678323151464085
687,93000,0.4135890080024158
688,250805,0.409354566547142
689,4131,0.41449757869249393
690,3856,0.4199486947336653
691,25888,0.4056482670089859
692,3267,0.4100505415162455
693,37836,0.4106631679389313
694,105616,0.4315604008369122
695,447821,0.43738164696248527
696,21894,0.43668724550111654
697,4009,0.42882486517172863
698,568583,0.4274193548387097
699,116283,0.45384050281609667
700,5472,0.45044175514143586
701,247173,0.4074749316317229
702,247169,0.4589986929590271
703,405972,0.4014084507042254
704,285509,0.43797678275290214
705,3705,0.43590609694308396
706,3866,0.42487753143780616
707,4272,0.5239404772817551
708,4355,0.5263516804676084
709,20803,0.5308426188915593
710,489417,0.5239979356614485
711,4362,0.5387596899224806
712,293862,0.5268275742316374
713,424624,0.5258983378164012
714,228902,0.5427653559496274
715,234527,0.5292350948942425
716,4371,0.5357389635316698
717,287003,0.5863723608445297
718,4363,0.5398511114581707
719,3970,0.5216273187183811
720,86319,0.5286571142952349
721,263105,0.46502709726491936
722,3510,0.4890792694407833
723,5147,0.45873320537428025
724,4278,0.47761507531656966
725,3714,0.4788012834491137
726,266885,0.47667610953729933
727,3287,0.4687024192184064
728,214062,0.4734119168699844
729,4360,0.4651773981603154
730,3692,0.46416957026713124
731,3407,0.4617074136751521
732,230895,0.4581782883028636
733,6210,0.47912625842800405
734,120631,0.4739077097291686
735,3788,0.5803016522661816
736,225946,0.5597747093023255
737,364820,0.5997788426096572
738,247212,0.5786585365853658
739,346195,0.5682722696944867
740,3571,0.5637153105531433
741,3335,0.5883266285552968
742,26307,0.5622410936205469
743,247219,0.5477929699694075
744,372753,0.56724830142063
745,6577,0.580015026296018
746,3604,0.5613186813186813
747,56009,0.5441275797373358
748,26038,0.6275028333962976
749,5195,0.4275033229951263
750,6281,0.44484938399019547
751,265807,0.4387507580351728
752,5481,0.44379889553612517
753,5653,0.4654151022110972
754,127928,0.4210204081632653
755,263091,0.41360813099943533
756,6363,0.3426818580192813
757,4013,0.4431028293574389
758,93003,0.43840278602239896
759,20808,0.43186972957255015
760,169002,0.45394981758618125
761,4326,0.4155674546166906
762,4424,0.5539367712465441
763,786,0.6567291311754685
764,3840,0.5471623544290457
765,334817,0.5229387755102041
766,4911,0.544780728844966
767,293856,0.5945945945945946
768,395636,0.5550529402992493
769,86183,0.5432939751740842
770,3338,0.5459454801367305
771,167641,0.5505086938135867
772,140125,0.5479944674965422
773,3821,0.5533213073005093
774,26652,0.5456104787151099
775,3827,0.5454313229621682
776,50461,0.39060710194730813
777,20536,0.41804979253112035
778,225089,0.4388665956924085
779,280383,0.4642440936539888
780,8213,0.42665980442614515
781,122623,0.5952380952380952
782,3920,0.4309217355200332
783,237269,0.38331547275574973
784,247220,0.43873295534417317
785,278049,0.4440233956668589
786,3470,0.4548787193743508
787,278316,0.4041272570937231
788,213124,0.44317854645662813
789,3464,0.4237645890240874
790,7860,0.6033700583279326
791,3937,0.45046122309531944
792,255738,0.44099968364441633
793,338201,0.44597548857237496
794,3460,0.4290254872563718
795,3330,0.4334700746818134
796,410055,0.419507779837076
797,3496,0.4296434634974533
798,14866,0.45496716355676015
799,26518,0.4813158571061424
800,470756,0.3572744014732965
801,3875,0.471271893926993
802,3779,0.433579929237697
803,254,0.442144752960392
804,7857,0.44250793225186574
805,269060,0.5510621088927674
806,302550,0.5310908810368771
807,288091,0.5938133463066569
808,344120,0.5888334995014955
809,3304,0.5917759023163943
810,3915,0.5857948483462887
811,396475,0.5740846681922197
812,397303,0.47714069209396315
813,326535,0.4601285865080127
814,3339,0.48956459157970494
815,211853,0.4860346482145563
816,167104,0.6416184971098265
817,91702,0.47473953214075093
818,3466,0.39369840187836097
819,151,0.4417627883650953
820,4358,0.4216324758493433
821,7585,0.4199379096240083
822,359847,0.4096043263964951
823,5290,0.4916952834816736
824,3409,0.48478937694587193
825,3408,0.4872179583357378
826,3671,0.5165395207495805
827,40614,0.4761326369488643
828,364005,0.4897691500524659
829,7302,0.4596411537588008
830,3554,0.4596835927532534
831,412897,0.5079419416678077
832,4513,0.47926418658125974
833,3542,0.500840677179963
834,3534,0.5020496158868005
835,37831,0.5104914582817529
836,3277,0.4933965893063213
837,3428,0.4908336970755129
838,20406,0.41291448516579404
839,3974,0.40768523734693274
840,25445,0.47718357740585776
841,217031,0.4699476952252776
842,3433,0.4746772308832331
843,3384,0.5582639714625446
844,25461,0.5827976562944422
845,5268,0.5511795361419422
846,3358,0.5522100335062193
847,70120,0.5635692505215856
848,3270,0.550730911391562
849,86220,0.5329256306650649
850,3280,0.5351148198872504
851,14852,0.5315176878310338
852,20433,0.535853849159828
853,3708,0.5102069548078276
854,38094,0.5683752943307372
855,4361,0.5504205888243541
856,4238,0.5244706056567452
857,3704,0.4805258373540312
858,4094,0.520100040457538
859,14836,0.506688119124235
860,3677,0.5529531568228105
861,3672,0.36
862,86212,0.5606268167997595
863,3795,0.5804099489589241
864,209012,0.5427758487654321
865,3934,0.44372131831455985
866,6513,0.40648735080806353
867,26167,0.4425047810523219
868,6365,0.43278336424875524
869,6370,0.4379241135429609
870,86716,0.4072177517678615
871,86350,0.42876224398931434
872,326523,0.6055061857466457
873,279538,0.6320934021178387
874,282441,0.5790600698749014
875,344132,0.5883360585532975
876,3785,0.60447217046099
877,70140,0.560441397759572
878,25701,0.624558120191308
879,40550,0.6028095148904289
880,33,0.5597122302158274
881,3347,0.6134059516388333
882,25397,0.6222532032131713
883,551398,0.33126934984520123
884,500200,0.36
885,376474,0.4689403166869671
886,406460,0.3413654618473896
887,520163,0.3471138845553822
888,20401,0.5185700459714493
889,247206,0.46326284175000776
890,279556,0.4479041916167665
891,69409,0.479035266945012
892,404285,0.46368715083798884
893,240445,0.49411938752866336
894,20922,0.4820989912716249
895,41363,0.4838632273545291
896,15214,0.49320437448637716
897,241945,0.5492764242535263
898,3916,0.5486718496922579
899,6165,0.4578307172058749
900,50102,0.46606928204567805
901,51004,0.4713406623798659
902,364850,0.5878537735849056
903,3420,0.4945687595046709
904,282448,0.4551352430382274
905,3340,0.49977774485108906
906,4232,0.48352510460251047
907,4014,0.5394953373560066
908,3488,0.4315352697095436
909,279571,0.6042096574494429
910,207001,0.5511056826947801
911,15455,0.5302822111827502
912,275293,0.39101260675071164
913,3719,0.45131086142322097
914,20410,0.44798301486199577
915,230897,0.4825267127592709
916,3823,0.41924398625429554
917,286981,0.3904282115869018
918,222324,0.5860215053763441
919,281255,0.5638436868986816
920,3963,0.4392999039185645
921,43051,0.44016454749439043
922,395114,0.5760694600263402
923,3503,0.4866347244988022
924,3750,0.4868173258003766
925,3317,0.4834432760760238
926,279533,0.46153846153846156
927,4969,0.526551724137931
928,278324,0.560879368658399
929,3474,0.5409517928814008
930,4319,0.5541264737406216
931,393881,0.5635838150289018
932,4350,0.5592972181551976
933,4936,0.5832246849196002
934,247222,0.416926895668188
935,225022,0.41700704088380597
936,3681,0.6054273237679352
937,3645,0.4432700438158198
938,4003,0.43736057297170366
939,3337,0.5516036004544262
940,3885,0.38579311416802675
941,375771,0.35619834710743803
942,4780,0.5190187431091511
943,254189,0.42717887154861944
944,341751,0.46419662509170945
945,278383,0.4196384143307348
946,485794,0.4887459807073955
947,211885,0.589053696677015
948,4256,0.5961344537815126
949,352748,0.4005305039787798
950,278007,0.42723434201266713
951,376565,0.4407096171802054
952,3642,0.5295558563785212
953,3663,0.5669345579793341
954,366374,0.5121951219512195
955,400549,0.4822485207100592
956,336371,0.5270935960591133
957,3674,0.4053896406906206
958,32577,0.4767166894042747
959,3296,0.559303997699166
960,545811,0.47844827586206895
961,396484,0.5341176470588235
962,367391,0.40350877192982454
963,125250,0.4711072934561924
964,3539,0.4120945741133677
965,3458,0.541416044640916
966,3568,0.4681112378278796
967,286448,0.39585065526388724
968,4879,0.47966942148760333
969,3822,0.5454897106606839
970,4086,0.46307884856070086
971,443324,0.4528782475802343
972,26032,0.3763880320789636
973,7848,0.39927007299270073
974,14757,0.5124036205162588
975,5791,0.4618521441725862
976,4789,0.43339960238568587
977,279566,0.5637119113573407
978,488750,0.4047976011994003
979,279560,0.6216790648246546
980,29642,0.5414114902303878
981,4379,0.5530829310412496
982,396539,0.375
983,3644,0.5452286282306164
984,134769,0.4809614272734781
985,4476,0.5033747779751332
986,344065,0.5872873769024172
987,3791,0.5110275689223057
988,3468,0.4121444610778443
989,32601,0.5438926806307366
990,485383,0.4623376623376623
991,499843,0.412711182622687
992,247150,0.3832635983263598
993,292991,0.5047427310387549
994,282445,0.37271853986551395
995,3399,0.4579616413916146
996,25452,0.524741506646972
997,85113,0.5390843515383483
998,26084,0.5368361741090294
999,293857,0.44652567975830815
1000,4048,0.5128444943259758
1001,86623,0.48592999313658203
1002,259946,0.46716716716716716
1003,408293,0.5382031905961377
1004,3394,0.48542274052478135
1005,400558,0.5615808823529411
1006,339857,0.6526315789473685
1007,3355,0.5981499115766562
1008,259524,0.41440314510364545
1009,5907,0.5385975250441957
1010,257752,0.4717514124293785
1011,25472,0.5007719027402547
1012,388832,0.6236263736263736
1013,254188,0.5408074353761255
1014,38436,0.46638082245176377
1015,26332,0.4783905927778509
1016,50272,0.4600045840018336
1017,3685,0.581939081939082
1018,40800,0.5734306569343066
1019,3599,0.5620094191522763
1020,1751,0.5505450941526263
1021,357992,0.4794520547945205
1022,257006,0.48484848484848486
1023,70956,0.44994617868675996
1024,264778,0.43473570658036675
1025,5383,0.4517434620174346
1026,4683,0.43917190044196325
1027,4366,0.519373279695109
1028,91122,0.489628681177977
1029,279570,0.5109489051094891
1030,167118,0.46350233728874507
1031,4348,0.5262314194112504
1032,3735,0.4514018691588785
1033,250899,0.41657099119785684
1034,167117,0.6245210727969349
1035,399673,0.423805060918463
1036,373713,0.469770253929867
1037,6684,0.5329341317365269
1038,3398,0.4395010032277763
1039,8303,0.504372267332917
1040,70121,0.4353693181818182
1041,6914,0.44037078029883786
1042,285491,0.5235404896421846
1043,3372,0.46608767576509513
1044,266312,0.3797752808988764
1045,127719,0.3514328808446455
1046,329026,0.47474747474747475
1047,298385,0.5724884080370943
1048,3562,0.38666666666666666
1049,4329,0.5095785440613027
1050,114055,0.3730856956663408
1051,5327,0.5017568517217147
1052,135113,0.6858407079646017
1053,253551,0.567926455566905
1054,279541,0.3326157158234661
1055,3919,0.48013245033112584
1056,519496,0.5790123456790124
1057,86200,0.6115107913669064
1058,32793,0.4262295081967213
1059,256854,0.5924657534246576
1060,400564,0.6136363636363636
1061,263092,0.6277372262773723
1062,135903,0.5608357703555488
1063,6925,0.3575418994413408
1064,21384,0.5139671003356543
1065,37745,0.5077457412205745
1066,20550,0.5020848594128585
1067,208865,0.5049438665156041
1068,130,0.5067988807618674
1069,7926,0.5112309074573226
1070,346908,0.5096507352941176
1071,376362,0.5199147892324576
1072,166534,0.5089623559428312
1073,20561,0.4982386881263286
1074,40806,0.5193798449612403
1075,265865,0.5017408927921841
1076,228928,0.5099392437916593
1077,7965,0.5078977783485296
1078,20556,0.5525497972593009
1079,20626,0.5838566678980421
1080,3344,0.5838548625272484
1081,352993,0.6277864992150707
1082,21094,0.5583156316381357
1083,20519,0.5987035945786683
1084,20571,0.5586759186523522
1085,3431,0.5491857213357461
1086,138408,0.5586759186523522
1087,206314,0.5566403262809074
1088,69968,0.580739893211289
1089,14812,0.557465674410188
1090,116349,0.5429808934995983
1091,234359,0.613859790491539
1092,20418,0.5921357554010616
1093,22566,0.5656040047424582
1094,239290,0.5648068669527897
1095,3475,0.5617435703479576
1096,340019,0.5957268537913699
1097,328333,0.5727857799570947
1098,25405,0.6053543079809496
1099,114,0.5645388076490439
1100,3463,0.5703215080578125
1101,8327,0.5660518895987997
1102,99430,0.5831111111111111
1103,8306,0.5676609909102548
1104,92966,0.5581671415004749
1105,20842,0.4352893890675241
1106,221047,0.4489430311716231
1107,209400,0.4519949245735232
1108,3710,0.4767036654620547
1109,22163,0.4349357137007616
1110,21282,0.5010791366906475
1111,20771,0.4140802422407267
1112,403449,0.4034100453552831
1113,208696,0.4349576089749079
1114,22162,0.4424438535225707
1115,20635,0.4352725245109428
1116,417231,0.4284897388652392
1117,22383,0.44034409674604164
1118,263591,0.3979780960404381
1119,20850,0.47243473460052055
1120,22933,0.457601956161034
1121,21865,0.48211058908565235
1122,23314,0.44244338086544627
1123,20874,0.42383059418457647
1124,134413,0.45478465152701647
1125,286223,0.45972133247918
1126,21639,0.451643690349947
1127,92900,0.41768707482993195
1128,22732,0.46706511216802055
1129,220359,0.4524055537617049
1130,20472,0.4474883519617079
1131,50073,0.4429388916891511
1132,295176,0.5499871761990254
1133,405597,0.6112040133779264
1134,20404,0.5400310256882181
1135,491409,0.5373412362404741
1136,264084,0.625540366865288
1137,22053,0.5822784810126582
1138,625,0.560569863652255
1139,20820,0.5605671541810874
1140,288663,0.536667011767954
1141,49991,0.550645937166803
1142,86366,0.5503365800458802
1143,280419,0.5370211198428291
1144,263803,0.5747022006864526
1145,21077,0.5403469286929791
1146,86301,0.45252115587099795
1147,278813,0.4363186318631863
1148,21438,0.4497061293031066
1149,99511,0.4292106104186641
1150,20748,0.43084073472766055
1151,21291,0.45910241372924254
1152,20653,0.4534561330826349
1153,20633,0.4459297188300066
1154,20638,0.4470331270476884
1155,20495,0.4616971015036184
1156,20468,0.4333148865522966
1157,415809,0.37845017493844757
1158,21564,0.44597205707491083
1159,256478,0.4615332703468754
1160,564512,0.7114624505928854
1161,239295,0.5415478052820466
1162,24269,0.4693079127176548
1163,8291,0.5078130425724009
1164,485464,0.7297297297297297
1165,50007,0.4919586194905677
1166,70834,0.496588693957115
1167,24838,0.4862186993334534
1168,454457,0.5233151606542165
1169,7858,0.546448087431694
1170,25601,0.5841070782587725
1171,20632,0.5367396220629383
1172,373768,0.5189197930142303
1173,82266,0.5021857923497268
1174,149848,0.4826325411334552
1175,149846,0.5710151380231523
1176,20529,0.47261091888912704
1177,259292,0.45636032846535873
1178,20526,0.48814425670878886
1179,20604,0.5488624052004334
1180,232822,0.47069521368934447
1181,21373,0.46266813066154266
1182,20707,0.4703413859589429
1183,21123,0.47174310908990075
1184,92908,0.46379873247551373
1185,21169,0.48393207054212933
1186,333913,0.45305738476011287
1187,234533,0.4628543499511241
1188,265172,0.44885825075398533
1189,50069,0.4603654150481945
1190,21314,0.4747061829330608
1191,388398,0.4632913637169711
1192,20583,0.4494385241205454
1193,20540,0.4499412038176498
1194,213948,0.4462466350904692
1195,134508,0.4581661528065211
1196,248950,0.4539471660977335
1197,394,0.4470163586992516
1198,354547,0.45511613308223475
1199,56026,0.4481674734393663
1200,51151,0.3819599109131403
1201,21655,0.40526849037487334
1202,272878,0.412210127780407
1203,250956,0.4598580010922993
1204,11156,0.436745937652556
1205,347026,0.4142437112054884
1206,20815,0.40842514250658213
1207,20516,0.4121866973695864
1208,302799,0.411222320426152
1209,21370,0.4419816513761468
1210,22185,0.423805256869773
1211,21528,0.4147742103889324
1212,72397,0.4228426395939086
1213,21494,0.41040813571525
1214,99452,0.6341617856577489
1215,122,0.61639278378137
1216,21385,0.6188679245283019
1217,21171,0.6190260347318621
1218,40726,0.6113399392755431
1219,284315,0.6041249499399279
1220,21001,0.617286591234787
1221,21315,0.6191310441485635
1222,7949,0.6151401154720473
1223,99902,0.6203383084577114
1224,25726,0.6179059180576632
1225,3300,0.6137096774193549
1226,3313,0.6196874085837268
1227,22107,0.6140124512112513
1228,351010,0.5703133025166923
1229,135927,0.5643163411148165
1230,105376,0.5335122928117942
1231,21272,0.47034291010194623
1232,20845,0.552245508982036
1233,354470,0.6335877862595419
1234,15524,0.5576256347399755
1235,257028,0.5355219650448748
1236,350999,0.5501517721631997
1237,285109,0.5488653130049884
1238,14922,0.5516521030239727
1239,286226,0.5621347447348108
1240,20459,0.555136687055299
1241,146588,0.538454062459505
1242,44510,0.49016987974804355
1243,116225,0.5372009794688265
1244,23705,0.5230565583634176
1245,222766,0.5347459329182567
1246,86328,0.5181430650862965
1247,265431,0.47633824670287045
1248,22380,0.5180073025005533
1249,447804,0.5243389266974908
1250,424241,0.5210147671336615
1251,21842,0.5132261410788381
1252,269152,0.5205348120125411
1253,116170,0.48424769147202607
1254,21025,0.5292377305951966
1255,26000,0.4720202064190219
1256,20689,0.5147064041156644
1257,20479,0.5348391159967938
1258,134429,0.5011329305135952
1259,20446,0.5342388228636107
1260,240042,0.5327891922319167
1261,21376,0.532496561210454
1262,145787,0.4962311557788945
1263,21004,0.5193035038892457
1264,20869,0.5127423219342191
1265,138174,0.5233968804159446
1266,37739,0.5257702023868289
1267,99833,0.5133893697465862
1268,22552,0.4294701185579482
1269,226200,0.4527866386576415
1270,134420,0.46812080536912754
1271,20448,0.45252124092581136
1272,20911,0.4624964733384386
1273,263432,0.460083249605282
1274,21620,0.4843532291470533
1275,21114,0.46534812155404537
1276,21098,0.4470151697042453
1277,343915,0.8947368421052632
1278,20928,0.45023276435380183
1279,134435,0.4544521426738517
1280,350569,0.42126838678562817
1281,20661,0.4535468255445913
1282,146590,0.4488200811663911
1283,8148,0.5273784385756848
1284,354552,0.46026567233745047
1285,21279,0.5221072867081655
1286,14745,0.5229334157905586
1287,21507,0.5076502732240438
1288,20812,0.48352103345478636
1289,21234,0.50539989200216
1290,283062,0.4083044982698962
1291,339791,0.5114290157051781
1292,14903,0.5104703608247423
1293,289827,0.4792933130699088
1294,101742,0.4937368642286675
1295,25558,0.506237721021611
1296,20927,0.5067183182532372
1297,22883,0.4585626146406537
1298,349102,0.4725734385397852
1299,21288,0.4617735648476258
1300,21177,0.4708284964959801
1301,22381,0.4407572765519018
1302,3548,0.5309168443496801
1303,413041,0.4827968923418424
1304,345740,0.45577035735207966
1305,116269,0.46476423427096075
1306,115933,0.4925801819052178
1307,70974,0.4920787325972156
1308,206318,0.46819055757316813
1309,20749,0.4608247422680412
1310,21468,0.4641849583706048
1311,21290,0.5885951748816807
1312,361807,0.6031179340711651
1313,20455,0.5524304612639175
1314,21128,0.6246246246246246
1315,105334,0.5894500020087582
1316,3323,0.560600588204943
1317,20465,0.574091492090637
1318,20470,0.6031746031746031
1319,20458,0.591480689895124
1320,70084,0.5940883612436026
1321,14943,0.5711007732444836
1322,20443,0.5464475994880496
1323,89186,0.5787878787878787
1324,134427,0.5791447293663119
1325,22093,0.4236063031377219
1326,388099,0.4264459735912219
1327,3736,0.4953738434608652
1328,20949,0.42732538330494035
1329,252589,0.45469606218937175
1330,23427,0.434222092001172
1331,263433,0.43993212669683257
1332,328336,0.43689409743526814
1333,523089,0.46916471506635443
1334,21298,0.4344510704858735
1335,20935,0.4313652310218706
1336,26373,0.4450124069478908
1337,20947,0.4548396445131376
1338,246061,0.5789748498825168
1339,25437,0.5659149523181192
1340,20395,0.5717022844509948
1341,7849,0.5852964876522728
1342,20438,0.5470096463022508
1343,350032,0.5723346229466607
1344,20879,0.5597738533086112
1345,20518,0.571699275190677
1346,214220,0.5696008670656425
1347,86243,0.5137741548091269
1348,105361,0.5343502135448445
1349,20523,0.5255494505494506
1350,333571,0.5274054251307627
1351,22270,0.5168105340160937
1352,342075,0.552967032967033
1353,20841,0.5444432326316937
1354,41034,0.5442841016566495
1355,50849,0.5294860767659392
1356,37732,0.5523460356256712
1357,20943,0.53371733633043
1358,11063,0.5540997003541269
1359,20449,0.5539122137404581
1360,20390,0.5570916538658475
1361,116171,0.46409724839803995
1362,20636,0.4529950969942443
1363,20875,0.4312069637521112
1364,149076,0.5289710763394974
1365,21861,0.46063460349174634
1366,22313,0.5148869166905239
1367,338249,0.5132182357701646
1368,25541,0.5245461147421931
1369,69400,0.5330840140406128
1370,20796,0.47269276393831555
1371,21296,0.47556162720097145
1372,295273,0.467153916014358
1373,90268,0.46602585349685116
1374,22377,0.47430519140010485
1375,20483,0.46674311926605505
1376,50805,0.46785449604743085
1377,21148,0.4333681280445372
1378,20637,0.4610075914423741
1379,21280,0.4072469338551312
1380,4792,0.5852361588989677
1381,20460,0.44784163849282177
1382,20575,0.4920860581935362
1383,260250,0.5133021488086537
1384,101635,0.5001504060964604
1385,25421,0.5127327920591708
1386,20429,0.5133552732282259
1387,20941,0.5178453646024185
1388,21517,0.37968267959453506
1389,20503,0.47523464362048135
1390,239298,0.4676448457486832
1391,99661,0.4675149056487799
1392,20723,0.44267235384116094
1393,45579,0.4235309900724443
1394,192,0.4415052843790091
1395,403546,0.5162248144220573
1396,300669,0.43895992570897924
1397,20938,0.4494013354823854
1398,20422,0.4561079282942155
1399,22699,0.419348695486574
1400,267185,0.38464344337041767
1401,20832,0.4359435296373529
1402,3543,0.5622639282341831
1403,20434,0.44103342108785865
1404,21072,0.4579862446067752
1405,21636,0.4457728437233134
1406,51145,0.4424249530956848
1407,22158,0.4547203694202155
1408,402017,0.5247225025227044
1409,22695,0.4860876897133221
1410,404209,0.43088552915766737
1411,44251,0.5577089577089577
1412,137298,0.6021505376344086
1413,20816,0.5265582438711744
1414,405880,0.6486486486486487
1415,20811,0.5333791103990234
1416,14904,0.5703087885985748
1417,20802,0.5245336512129901
1418,246063,0.42825284527837587
1419,3484,0.5197407024504737
1420,360778,0.6325301204819277
1421,284960,0.4520990312163617
1422,21678,0.4831094831094831
1423,22135,0.5040162415041045
1424,21607,0.4597161542427614
1425,215869,0.4424742982557468
1426,127534,0.47539000318369945
1427,25898,0.5137595369639568
1428,21019,0.5089013224821973
1429,300830,0.6679389312977099
1430,83575,0.632373271889401
1431,131184,0.43747391848657674
1432,298212,0.5788590604026845
1433,7982,0.545184667772636
1434,51064,0.4777207885879147
1435,299557,0.44496107266435986
1436,361779,0.39416475972540044
1437,20751,0.5529520495813852
1438,3318,0.5451032899770467
1439,20588,0.5329652925471741
1440,20403,0.3972252646951442
1441,25878,0.4038926764899934
1442,21573,0.3954092680814205
1443,3526,0.5592576170266675
1444,21006,0.627003699136868
1445,40538,0.4518430439952438
1446,22559,0.4382488479262673
1447,38532,0.4564026044492675
1448,20776,0.46535061432424335
1449,125286,0.48082632877514325
1450,3531,0.5419989161570024
1451,20414,0.44573760580411126
1452,343925,0.4242670019059978
1453,174,0.5044304817141937
1454,21415,0.47098881245222707
1455,24024,0.43996931338703493
1456,49857,0.3847264849250767
1457,292310,0.4177128509472723
1458,20478,0.47826813774657306
1459,269188,0.4031091122409073
1460,20929,0.4539354838709677
1461,24964,0.4739076991842664
1462,20461,0.540104079234514
1463,20579,0.5641922475516419
1464,14855,0.5492115280043501
1465,21350,0.5032584269662921
1466,20972,0.3282442748091603
1467,346913,0.5676708633093526
1468,135150,0.5462013990564503
1469,283832,0.43267416099122014
1470,286215,0.4599266993983819
1471,20655,0.4506352439142663
1472,419204,0.33639705882352944
1473,20525,0.5300827710927175
1474,374013,0.6244914989047669
1475,347593,0.3973696571160169
1476,246175,0.54625672135668
1477,385655,0.48679775280898874
1478,255670,0.43587250885355183
1479,434142,0.2978723404255319
1480,402898,0.4412172878667724
1481,335634,0.4434485702091336
1482,21959,0.4397026431718062
1483,241676,0.5387002623120405
1484,302798,0.3788546255506608
1485,286225,0.421255180580225
1486,21173,0.6138707640496738
1487,339192,0.3955453149001536
1488,22020,0.45004286750643013
1489,300373,0.5274725274725275
1490,354123,0.4231499802136921
1491,352722,0.27163461538461536
1492,20512,0.4110429447852761
1493,21119,0.43375644585481954
1494,449978,0.38215488215488214
1495,23149,0.5386049401895293
1496,10113,0.45161290322580644
1497,402014,0.383881230116649
1498,368642,0.37265273737106586
1499,49979,0.38915359958416357
1500,491451,0.7428571428571429
1501,20662,0.5334742776603242
1502,246059,0.4178898766453036
1503,22099,0.4167869279828686
1504,21322,0.4391304347826087
1505,461671,0.8
1506,20609,0.4447433182624621
1507,368340,0.6120300751879699
1508,9080,0.45881121210679104
1509,364641,0.3812154696132597
1510,190168,0.3305084745762712
1511,190167,0.5340059228027907
1512,20663,0.5256343261917203
1513,20639,0.3551020408163265
1514,22677,0.44806569034114957
1515,20866,0.5328801284460083
1516,410031,0.41437735322828056
1517,69513,0.39810929436164566
1518,137143,0.4433249370277078
1519,415348,0.3826219512195122
1520,405608,0.7763713080168776
1521,86785,0.5484949832775919
1522,272280,0.41732283464566927
1523,22323,0.4664082687338501
1524,21730,0.4775641025641026
1525,137048,0.4053250439248547
1526,405602,0.6563245823389021
1527,21299,0.43805439126620527
1528,347024,0.5231388329979879
1529,21306,0.4573087431693989
1530,238832,0.4637999122422115
1531,86309,0.438385269121813
1532,45,0.4532671629445823
1533,16922,0.4132469402447804
1534,127524,0.59772565742715
1535,23386,0.43242332322210986
1536,137161,0.44991549295774647
1537,22614,0.4020810514786418
1538,69658,0.47029372496662214
1539,403272,0.47368421052631576
1540,20517,0.5088452566096423
1541,412914,0.4208955223880597
1542,21578,0.4371559978888638
1543,20690,0.47162219398559935
1544,21162,0.46235771441451595
1545,22864,0.44713093819172484
1546,93341,0.38509544787077826
1547,252473,0.4542157751586582
1548,293198,0.4379370629370629
1549,134484,0.4616303374141535
1550,220341,0.43795620437956206
1551,377757,0.47474496143319234
1552,20476,0.44026340545625586
1553,21725,0.44547450597706756
1554,99423,0.39188416841303103
1555,658,0.41409691629955947
1556,21872,0.45918628454452404
1557,22152,0.47757373400111297
1558,23124,0.43454545454545457
1559,268180,0.5086042065009561
1560,239288,0.45576950919357173
1561,170738,0.4538068010833584
1562,218971,0.4185434337525592
1563,213387,0.4732650739476678
1564,246633,0.41165838228648893
1565,22817,0.7092307692307692
1566,481329,0.4722352941176471
1567,21078,0.3606194690265487
1568,25849,0.6317674890165597
1569,262384,0.637372802960222
1570,350992,0.5306569343065694
1571,289122,0.6851025869759143
1572,472938,0.47145187601957583
1573,41368,0.20408163265306123
1574,20506,0.5254294375210509
1575,26336,0.5079626578802856
1576,69610,0.441635687732342
1577,134419,0.607103218645949
1578,22686,0.45263157894736844
1579,21235,0.5829787234042553
1580,37959,0.23888314374353672
1581,239294,0.7303370786516854
1582,361214,0.4911242603550296
1583,364640,0.5034403669724771
1584,520774,0.6055045871559633
1585,209091,0.6500876320401686
1586,3416,0.6468662085504774
1587,14732,0.6336160598540687
1588,15085,0.5852120748949179
1589,14726,0.6373469260893889
1590,15811,0.6443663690040502
1591,14736,0.6376892563830382
1592,14817,0.6505807849910258
1593,134383,0.6448037652774615
1594,3345,0.68036476296253
1595,224593,0.6356681882575161
1596,14718,0.650622043801423
1597,70096,0.6286412078152753
1598,14795,0.646303850363148
1599,14845,0.45858156763197433
1600,99410,0.50711605641092
1601,328131,0.47906129880639287
1602,347366,0.495364238410596
1603,233910,0.49598315264019965
1604,15015,0.39575645756457567
1605,235597,0.4735317965944631
1606,224971,0.4415948426879686
1607,14715,0.4673436173223889
1608,15032,0.47149770442983
1609,14754,0.4639659520807062
1610,340646,0.47149770442983
1611,70139,0.4515182259584028
1612,349099,0.4349427961993407
1613,49997,0.5004980863000053
1614,263614,0.5161559033714762
1615,69411,0.5107953948979949
1616,15193,0.4656084656084656
1617,15292,0.5087750336140401
1618,373350,0.569620253164557
1619,135561,0.5114692866712679
1620,134392,0.5048561480667033
1621,15952,0.4455079994530289
1622,82487,0.4845771144278607
1623,15200,0.531582029615996
1624,14979,0.5085909794715548
1625,18982,0.5154836464857342
1626,14842,0.5231359649122806
1627,14789,0.5580040831031584
1628,14816,0.588882528779495
1629,447223,0.5815503709278572
1630,297957,0.5223459046353215
1631,15024,0.5443468169761273
1632,14798,0.5785437892718946
1633,391530,0.5797357710015346
1634,224677,0.5530848972985472
1635,3320,0.6071635637441216
1636,28907,0.5604085472382744
1637,14800,0.5490713488277682
1638,49968,0.5818567666385416
1639,14794,0.45781990521327015
1640,32959,0.45859800362976405
1641,14764,0.4489795918367347
1642,15103,0.46130721489526766
1643,14905,0.470116465583374
1644,134399,0.4713857277843967
1645,337890,0.4905465795806119
1646,8309,0.4791645781119465
1647,275121,0.43629388514299
1648,15020,0.46296064959400374
1649,14762,0.4935910905652448
1650,15125,0.46377597109304425
1651,82518,0.46761038717540077
1652,54579,0.4685611808525314
1653,7904,0.4618308631211857
1654,70975,0.5454371623882595
1655,289711,0.539143864095355
1656,65027,0.5578744194462875
1657,173214,0.5545717215024699
1658,56274,0.5211132437619962
1659,279780,0.5568607848037991
1660,9611,0.5379209827702879
1661,258252,0.5420600403097486
1662,282804,0.5174676258992805
1663,352988,0.5227764237410318
1664,16110,0.53618779342723
1665,15937,0.5441630217339708
1666,393247,0.5249969366499203
1667,15131,0.438390677899378
1668,272378,0.46622796126148497
1669,14734,0.46353733000277547
1670,336829,0.45549780087964814
1671,15487,0.444412475543791
1672,344864,0.4350501284881827
1673,228765,0.45451438725992754
1674,18670,0.4132018008474576
1675,19720,0.44691321204891143
1676,216074,0.4467023356312378
1677,146569,0.44686265906099165
1678,19525,0.4521065506931231
1679,15533,0.45134273518128276
1680,15430,0.4615808127731324
1681,16826,0.4474981382318522
1682,354997,0.4955800353597171
1683,15782,0.44229500989228404
1684,493725,0.5964912280701754
1685,14822,0.4867008866075595
1686,65075,0.46438807244344166
1687,14997,0.4634477514664349
1688,337960,0.48009465478841873
1689,15777,0.468803793562636
1690,37948,0.4642349162651984
1691,16432,0.4607759113244201
1692,159,0.4548090865152247
1693,366217,0.4457278246705168
1694,14847,0.4747070019032355
1695,333477,0.40713224368499257
1696,105378,0.4645650048875855
1697,216077,0.3790849673202614
1698,14775,0.4855171515979952
1699,337732,0.43687374749499
1700,25995,0.48321142459073496
1701,64995,0.48004084052433965
1702,134387,0.4605751565370627
1703,372915,0.4844218532875009
1704,471348,0.4565744482437053
1705,235606,0.4545311763782001
1706,14989,0.475166251039069
1707,14689,0.4735869966752863
1708,136011,0.4757355579476139
1709,3535,0.4971535634503135
1710,20591,0.44539829853054913
1711,69616,0.48699071745393024
1712,25512,0.4820774418843507
1713,258264,0.5197357275961375
1714,110,0.46806990809086146
1715,14772,0.5151534775288175
1716,20402,0.49156496162818214
1717,55951,0.48715144887916895
1718,224680,0.4903679509398747
1719,255387,0.47496395007707226
1720,4509,0.516357470576501
1721,14923,0.49621320377250644
1722,135788,0.44670147128618887
1723,224801,0.4831126320488023
1724,15225,0.45111047014710126
1725,448215,0.5063613231552163
1726,208089,0.4937871420853593
1727,50800,0.4631415585855227
1728,26115,0.47414741474147415
1729,14821,0.47818448023426063
1730,272435,0.42599460552933244
1731,16884,0.4698641473001862
1732,14802,0.4601356090717793
1733,14705,0.4796429277290994
1734,14760,0.48682196905288216
1735,15772,0.47535813735028687
1736,15188,0.5432253153545019
1737,165425,0.5470401197044795
1738,89559,0.562528994631851
1739,14786,0.5504462156822671
1740,14781,0.5237326751471426
1741,14788,0.6035555555555555
1742,228768,0.5335446046585327
1743,425925,0.5346552404173689
1744,212604,0.5495367987647967
1745,388267,0.5313284956740162
1746,14768,0.5414338919925512
1747,86489,0.5522596058132591
1748,146583,0.5426527610643134
1749,40657,0.5541643984757757
1750,18591,0.5224920954297212
1751,404219,0.5407752730059391
1752,360992,0.5025421547174669
1753,14758,0.557052001496446
1754,25622,0.5135824512179569
1755,221452,0.5234787440955821
1756,15014,0.5116812427374473
1757,14991,0.5151760123465863
1758,49855,0.5216045845272206
1759,15806,0.5125608517949652
1760,50023,0.5192307692307693
1761,14838,0.518137221032267
1762,236528,0.5129141798724017
1763,15107,0.5211308762830112
1764,221376,0.5516561514195584
1765,20876,0.4844818516570226
1766,127796,0.498602364193581
1767,449921,0.4651741293532338
1768,14864,0.5017421602787456
1769,258254,0.5364016736401673
1770,391606,0.5510885110440171
1771,241957,0.5451809894680946
1772,14749,0.49816452819634305
1773,15232,0.46253647353063776
1774,14857,0.4799543625011885
1775,241966,0.48040531901291395
1776,143566,0.4962375705455523
1777,14706,0.5015845792476045
1778,15771,0.48116846284741915
1779,17136,0.4403660978167604
1780,239191,0.4811265401916683
1781,366203,0.45767575322812054
1782,65055,0.4806989968101336
1783,14696,0.4759197481558051
1784,253822,0.4730411752948231
1785,82340,0.474609375
1786,14692,0.4785015075791995
1787,16025,0.4736468555205826
1788,272440,0.46899543508463526
1789,391441,0.5064808021521154
1790,51217,0.4718810408921933
1791,55990,0.47281131049483416
1792,8315,0.43292163543441226
1793,83836,0.4784897589865921
1794,223560,0.4694563366017585
1795,224896,0.45538186690486826
1796,21469,0.4398620641610645
1797,51013,0.4365809855202604
1798,94764,0.4497221874086143
1799,337647,0.44909060003399626
1800,391425,0.44846796657381616
1801,228980,0.4502913272932491
1802,221172,0.44349536041295395
1803,86517,0.4759177679882526
1804,15399,0.4556692513029109
1805,15178,0.4490889212827988
1806,15775,0.5033779744110966
1807,228639,0.48933580990200476
1808,217052,0.4710753866764097
1809,14804,0.4825855036084092
1810,15191,0.49819860785616843
1811,337903,0.5203562340966921
1812,15795,0.49431190775789013
1813,343685,0.49373201307253306
1814,25861,0.4952408892365865
1815,14938,0.4938851699279094
1816,284469,0.5125632987701954
1817,14917,0.49804287045666357
1818,18974,0.47427937915742796
1819,284524,0.39488823917759125
1820,15317,0.49847740667976426
1821,127685,0.449930681454623
1822,15278,0.47055122073999495
1823,14707,0.5325360082304527
1824,94831,0.49800548491647967
1825,18669,0.5114342366159947
1826,15265,0.4732035813585695
1827,14863,0.4943357839737365
1828,15194,0.501156663667909
1829,275384,0.48085431582334487
1830,16094,0.49956688082003897
1831,16843,0.47301311512162314
1832,279734,0.5425902690645477
1833,66654,0.4561556329849013
1834,235450,0.4501230113170412
1835,14778,0.5749222875547733
1836,14806,0.595221027479092
1837,105622,0.5891016200294551
1838,14687,0.5832639733657724
1839,19392,0.6089981447124304
1840,285727,0.5053429536944013
1841,15129,0.49585365853658536
1842,14887,0.5078113264233138
1843,337682,0.49453077080351665
1844,296341,0.5314709042583272
1845,15810,0.5751339159853397
1846,18544,0.6544943820224719
1847,471947,0.5977157360406091
1848,15543,0.4751555304193262
1849,91519,0.49489966555183945
1850,15122,0.4676123739531704
1851,11095,0.46397570687827655
1852,258253,0.5384085213032581
1853,344178,0.5418880261544748
1854,15231,0.5436064602163283
1855,15813,0.5526666666666666
1856,15018,0.5123861810391002
1857,15019,0.5008873989351212
1858,14998,0.46205118531094763
1859,271990,0.4473803686552256
1860,15192,0.509493670886076
1861,15139,0.4951682484900777
1862,15254,0.35714285714285715
1863,49856,0.47952489468959325
1864,8628,0.48305971167401884
1865,208716,0.4469026548672566
1866,221411,0.4578392803103249
1867,14914,0.46070150741979
1868,65180,0.46456997389875293
1869,272434,0.48322289581277317
1870,165431,0.49393297380585516
1871,272436,0.5033467202141901
1872,14988,0.45188437614343213
1873,15256,0.4748503406041423
1874,16010,0.47242035863480064
1875,208652,0.4618246455293291
1876,448246,0.5261437908496732
1877,15942,0.4836963610277814
1878,65207,0.5762055614220345
1879,15012,0.49157326022094994
1880,413737,0.4785428189967576
1881,14731,0.465506168666554
1882,14885,0.4684061615844074
1883,14766,0.4626990241397021
1884,15069,0.5655152310158869
1885,345707,0.49523380619980484
1886,391439,0.5843373493975904
1887,367620,0.583941605839416
1888,3281,0.6412920895762848
1889,433100,0.6371087928464978
1890,476054,0.4297082228116711
1891,51689,0.4804147465437788
1892,112253,0.5284598214285714
1893,26021,0.4819774847660688
1894,218896,0.4583249039045114
1895,173212,0.4478701685179418
1896,15695,0.43919091373149566
1897,15095,0.3547430830039526
1898,356928,0.44866027772345
1899,15051,0.5182481751824818
1900,144766,0.462146727192854
1901,149091,0.4944950041367021
1902,1729,0.504104872881356
1903,134397,0.49646686761871817
1904,221333,0.5351703216836251
1905,282772,0.47257277469291603
1906,20680,0.4569116445551103
1907,356903,0.44427142317855794
1908,15201,0.4838598901098901
1909,16303,0.460030267361695
1910,302600,0.443149915777653
1911,15781,0.4623329522608113
1912,16411,0.5495750708215298
1913,14803,0.5402246754508078
1914,272363,0.5708160168876575
1915,149389,0.5663669161596037
1916,472696,0.5544554455445545
1917,15719,0.49500230157164465
1918,51132,0.5491726678027596
1919,15141,0.4669614345369688
1920,391387,0.49295426452410385
1921,14929,0.507864047874789
1922,14888,0.4709466218059471
1923,269490,0.4800230282095567
1924,14727,0.6507167669651157
1925,14716,0.6331823430144773
1926,20692,0.5022982486763251
1927,56424,0.5239912758996729
1928,77,0.4864196694662693
1929,282194,0.46336206896551724
1930,391643,0.4813304047693756
1931,16443,0.42193591014205484
1932,135810,0.4849916620344636
1933,14724,0.63630390914637
1934,491365,0.5377904220009483
1935,365441,0.45542932051562157
1936,15812,0.49759720401922236
1937,15276,0.4762067524970567
1938,15456,0.4688477838951163
1939,15798,0.468797923793795
1940,403273,0.5076089760123808
1941,65596,0.5449654448429708
1942,134369,0.5002618486514795
1943,20932,0.48062688821752264
1944,230687,0.4491673459881216
1945,272338,0.455609410095756
1946,3566,0.4853545950482585
1947,373636,0.4293135435992579
1948,269189,0.49046503847440615
1949,425926,0.46187496202685463
1950,391551,0.59375
1951,97555,0.4463930573133249
1952,14770,0.5873767514270888
1953,20728,0.4597114033967565
1954,391603,0.5714285714285714
1955,221443,0.5741857659831122
1956,15877,0.4493430475122984
1957,20475,0.6337147754196704
1958,35477,0.5529490616621984
1959,6950,0.3782051282051282
1960,49907,0.525159342502516
1961,15804,0.4512260604975837
1962,14900,0.40762362637362637
1963,223516,0.44199162101192396
1964,16609,0.5747126436781609
1965,444439,0.4660574412532637
1966,327009,0.4476563471341539
1967,503185,0.1935483870967742
1968,15821,0.42926710494278064
1969,18704,0.4622111896123735
1970,367621,0.5173878167319398
1971,105619,0.5303914701533193
1972,49982,0.3950342465753425
1973,38082,0.4985585585585586
1974,255732,0.41388101983002834
1975,25871,0.46805060006487187
1976,391449,0.42694889003613834
1977,18728,0.5095652173913043
1978,224965,0.5164172177746839
1979,15253,0.4459609585780035
1980,231139,0.636824431350187
1981,286823,0.4444444444444444
1982,222798,0.445087042878841
1983,18581,0.47294981640146877
1984,15449,0.48125894134477826
1985,15244,0.2824427480916031
1986,425923,0.4274524431182395
1987,15061,0.47728424252660023
1988,15090,0.4365860143578835
1989,263490,0.4611724400456795
1990,91,0.402424716464607
1991,399599,0.5963855421686747
1992,272234,0.3953488372093023
1993,99749,0.3513902205177373
1994,38079,0.43042411496670174
1995,356908,0.5713285080551016
1996,145030,0.5315240083507307
1997,15039,0.4579722703639515
1998,173213,0.46963562753036436
1999,14992,0.4460093896713615
2000,94650,0.37060931899641575
2001,18579,0.5543701543966603
2002,65880,0.48394495412844035
2003,282799,0.5425659472422062
2004,14801,0.5573482356122403
2005,366193,0.4119718309859155
2006,448127,0.38450398262128893
2007,49992,0.530241935483871
2008,25589,0.46086285107615094
2009,49869,0.44536817102137766
2010,254649,0.4672306594638671
2011,372316,0.45454545454545453
2012,15797,0.6341659951651893
2013,382289,0.25462962962962965
2014,99437,0.3600291226792865
2015,337775,0.4009615384615385
2016,286404,0.4834224598930481
2017,520617,0.465246067985794
2018,16027,0.4537194005560453
2019,15800,0.58515625
2020,25514,0.548840964133318
2021,15050,0.44662638469284993
2022,1722,0.5116058739933681
2023,6292,0.5597014925373134
2024,337799,0.5311475409836065
2025,471968,0.453416149068323
2026,223546,0.7560975609756098
2027,397028,0.6498969572069342
2028,343729,0.4110787172011662
2029,365880,0.4084656084656085
2030,284580,0.4294156270518713
2031,8537,0.35319148936170214
2032,15503,0.4270895433408847
2033,256776,0.53125
2034,297701,0.5025960539979232
2035,329202,0.4596774193548387
2036,14932,0.37282229965156793
2037,266532,0.53
2038,49873,0.4526166902404526
2039,356906,0.5735735735735735
2040,49883,0.6473988439306358
2041,20704,0.3890625
2042,14712,0.7
2043,337656,0.6267281105990783
2044,363648,0.6697247706422018
2045,145014,0.32085561497326204
2046,279721,0.331583552055993
2047,437636,0.44460267729991454
2048,215281,0.43156559248921594
2049,26131,0.40142226581657675
2050,229427,0.46101951388669965
2051,25715,0.45891661594643945
2052,26399,0.4663063575593799
2053,28908,0.4612248956054882
2054,15004,0.4608150470219436
2055,25647,0.46212860193509264
2056,26528,0.45258848388800843
2057,289359,0.464402248692849
2058,347200,0.6416061003216966
2059,26603,0.7954545454545454
2060,40539,0.6428352464320992
2061,472194,0.7954545454545454
2062,25418,0.644152502535936
2063,4452,0.6498639425436052
2064,3315,0.6355364589915329
2065,209117,0.6469849650687357
2066,25440,0.6373001576221572
2067,37824,0.6345456327810999
2068,231138,0.6446083749186374
2069,25439,0.6575816993464052
2070,471774,0.6644417475728155
2071,256084,0.4926674148896371
2072,207061,0.5342857142857143
2073,26374,0.4930718013316538
2074,26024,0.4715825901770265
2075,120717,0.48622455594450925
2076,29843,0.4865413915693245
2077,215036,0.483052544263608
2078,27354,0.495986844681101
2079,26365,0.48530763249051534
2080,26100,0.4896367521367521
2081,25524,0.490193169342156
2082,566942,0.5258358662613982
2083,26311,0.4839958002099895
2084,393214,0.48157629800086293
2085,366542,0.40300051733057424
2086,26044,0.45294050212083
2087,366760,0.4604409857328145
2088,27959,0.47262247838616717
2089,26086,0.4464904679376083
2090,26368,0.45798550362409396
2091,27646,0.454158949318067
2092,26265,0.4486331916679784
2093,209209,0.4420953312831982
2094,29474,0.4576936359925905
2095,69525,0.45197559905904866
2096,26869,0.4261095154266654
2097,26638,0.45691398152176693
2098,274344,0.43201820032329524
2099,294695,0.542934975719531
2100,5167,0.5452539307935146
2101,7920,0.5575570060184792
2102,70981,0.5431261996161229
2103,28115,0.5463988702337989
2104,25403,0.5389803383630544
2105,118,0.554236161469664
2106,276979,0.5571387552939487
2107,397046,0.5611549216123661
2108,25557,0.5508829179715256
2109,26971,0.517503805175038
2110,342743,0.5457793002202104
2111,102,0.5514034743350672
2112,142755,0.5579717508383294
2113,28230,0.5896201873048907
2114,26093,0.5882352941176471
2115,276211,0.5813098353595919
2116,408827,0.5809531515494781
2117,228983,0.5565501673542461
2118,26633,0.5757714495009615
2119,8326,0.5560732223103357
2120,25410,0.5750419943033814
2121,15010,0.5683254943609973
2122,26135,0.5692665214233842
2123,131959,0.5764511629231076
2124,86745,0.5607589948773908
2125,266286,0.5556149120463998
2126,93331,0.5720497434559527
2127,134494,0.5820510905288317
2128,70088,0.5555662557781201
2129,366401,0.5571925177950671
2130,25770,0.5714713407000164
2131,214628,0.5733514713252666
2132,404216,0.5608733624454149
2133,25552,0.5722666827125579
2134,209086,0.5815869938101276
2135,14722,0.5740021008403361
2136,25743,0.5829079963355581
2137,86338,0.5557563140736086
2138,94695,0.5616836457701274
2139,280115,0.6038698822209759
2140,38095,0.44457152539500994
2141,25433,0.4603467355219476
2142,97582,0.4472125268180217
2143,243931,0.41375838926174496
2144,26384,0.4470887363335876
2145,229198,0.44762708289390424
2146,214710,0.4504161577138312
2147,25534,0.4409256420084324
2148,244357,0.4409860274906282
2149,26583,0.44862932626296104
2150,26134,0.4455271932850408
2151,25492,0.4521454820579334
2152,105523,0.43556118296102014
2153,25957,0.44309901124204254
2154,334552,0.5191306405806249
2155,25596,0.49794238683127573
2156,26389,0.5194628590855006
2157,25923,0.503388699652351
2158,300485,0.5103155339805825
2159,14717,0.498913830557567
2160,41127,0.48658307589799504
2161,25632,0.5089786892814618
2162,56441,0.5045002142959188
2163,55968,0.5185759848288941
2164,28529,0.5052703592966098
2165,25504,0.48787632221318145
2166,410062,0.4934197506431823
2167,26945,0.49146586345381527
2168,498357,0.4530666666666667
2169,209014,0.4725274725274725
2170,470517,0.43004291845493564
2171,26138,0.4475703324808184
2172,25809,0.4638753031929699
2173,37896,0.44948952999969344
2174,396628,0.4383337233793588
2175,366563,0.4546137661556958
2176,26512,0.45088372093023255
2177,26508,0.45886663177427794
2178,30437,0.4739756993500989
2179,290119,0.45432242399716727
2180,25503,0.4721081864283989
2181,28990,0.4882339576097893
2182,26543,0.5383342526199669
2183,25673,0.48145488123941926
2184,26327,0.4766206163655685
2185,25638,0.4813790311698826
2186,394006,0.4980632828613109
2187,26498,0.491036972488485
2188,29616,0.49083764385099643
2189,29588,0.48989316731996
2190,25641,0.4854301342615614
2191,301635,0.4887269863148567
2192,26285,0.4921631596606432
2193,29137,0.47345447162724597
2194,26381,0.5038774352184604
2195,260002,0.45491291488662505
2196,43515,0.4226172076249356
2197,25444,0.4645872420262664
2198,66,0.5241545893719807
2199,299154,0.4433927921368766
2200,270866,0.4501439945790276
2201,83574,0.4486941394955218
2202,242446,0.4530351108015375
2203,40301,0.4461760972874052
2204,26276,0.43829691081054906
2205,25523,0.44755681071850784
2206,217874,0.4411369740376007
2207,25605,0.45254114480902596
2208,20685,0.4665296535525543
2209,246946,0.4742717333129444
2210,25829,0.47435636511651574
2211,14945,0.47660714285714284
2212,143189,0.47924737133370227
2213,25786,0.47492347539439606
2214,244335,0.5197333333333334
2215,3308,0.4821369772802107
2216,26016,0.47560060913244084
2217,125076,0.4827175208581645
2218,477744,0.4698827292110874
2219,116345,0.48061205094088577
2220,280116,0.4507462686567164
2221,28335,0.4687197728478268
2222,276983,0.4727252319664771
2223,325781,0.4809193618775154
2224,25399,0.4886295886210715
2225,25406,0.5616731517509728
2226,228981,0.49752185035173735
2227,25637,0.506250716825324
2228,228963,0.4955107678784454
2229,334720,0.49037063309097356
2230,25470,0.48340042871333716
2231,25826,0.5025050373032729
2232,82690,0.4946697973173562
2233,366581,0.4926504102096627
2234,301013,0.49955223880597016
2235,229124,0.5090971311241659
2236,26042,0.5038879561721304
2237,85438,0.5612290336945228
2238,25700,0.5389228598306679
2239,396616,0.49036020583190393
2240,54380,0.49363751003095263
2241,25864,0.5194385830296054
2242,25649,0.5369984366857739
2243,25889,0.5297547072033166
2244,276944,0.5099187899076313
2245,25643,0.4952405838217179
2246,25845,0.5130248478039349
2247,250134,0.5415963809231713
2248,213308,0.5371276122721209
2249,413582,0.5341729304594555
2250,286553,0.5485388453314326
2251,41056,0.5384285242654341
2252,413597,0.5538208709942481
2253,247671,0.5439961108410306
2254,134496,0.5419268734891217
2255,70959,0.5299757281553398
2256,366546,0.5126071295491244
2257,257750,0.527812914571314
2258,372904,0.5277733566767467
2259,144867,0.521128516225537
2260,286917,0.5469248542193861
2261,25791,0.4526976295183954
2262,352986,0.4590219933258008
2263,50812,0.4754504876839147
2264,264989,0.48260387519138376
2265,43196,0.46951951330546704
2266,123,0.47598644878437624
2267,25942,0.46711819969412277
2268,404213,0.4584134089084584
2269,375001,0.45291201982651796
2270,286380,0.46479828535771456
2271,49919,0.44124468496327796
2272,144884,0.46111577994699077
2273,25860,0.44971634863331617
2274,25517,0.45029469548133594
2275,26314,0.4940776261322185
2276,256706,0.49389312977099237
2277,301017,0.48613678373382624
2278,25741,0.4990973475906124
2279,135901,0.504832679857755
2280,25941,0.5784615384615385
2281,25805,0.4916653561880799
2282,50771,0.49699427143497016
2283,330387,0.5155292194523907
2284,25407,0.49734132058962105
2285,340920,0.5031304896175848
2286,25411,0.4954682023034552
2287,25943,0.4975222270806005
2288,25883,0.4874074533007032
2289,25616,0.44875776397515527
2290,29641,0.4348121541597903
2291,25891,0.444552085707773
2292,219350,0.4370237239396118
2293,382,0.431427839015637
2294,454388,0.4387308533916849
2295,28314,0.4252906596995428
2296,25521,0.4251581878005568
2297,249926,0.42221346987002756
2298,26433,0.39617394235631215
2299,29291,0.4330823688054838
2300,393284,0.4353272784215471
2301,295761,0.42891115008471803
2302,28866,0.42733480480066216
2303,471589,0.5147488705819825
2304,3450,0.521683093252464
2305,26196,0.5329255937863495
2306,149101,0.45211422651039307
2307,135747,0.5157230964958376
2308,263802,0.4926406482383712
2309,28922,0.5097288454175224
2310,21097,0.5094683266385569
2311,207143,0.5126326963906582
2312,472126,0.5267778753292361
2313,70093,0.5042796415441176
2314,263766,0.5061511423550088
2315,135913,0.5003352383384949
2316,405977,0.6139896373056994
2317,26055,0.4298036093418259
2318,28948,0.43478260869565216
2319,30320,0.4459905576656846
2320,14990,0.45931131412508786
2321,229110,0.48787965890581586
2322,28965,0.4698704429044893
2323,209028,0.4565164284841822
2324,8899,0.4904361132364193
2325,26539,0.43671756277588825
2326,26120,0.44547258808670775
2327,347205,0.43661401377075737
2328,276920,0.5317073170731708
2329,295569,0.48558769872296065
2330,25745,0.469106534301378
2331,134512,0.4558795040681906
2332,203113,0.47073570039905865
2333,29748,0.48556443556443557
2334,26124,0.47607009480034473
2335,30427,0.47893210508358924
2336,28122,0.5377552742616034
2337,426702,0.48140458566528255
2338,364644,0.5230358593478008
2339,21550,0.5147319706903201
2340,25999,0.5327433628318584
2341,28117,0.5178870209545057
2342,149053,0.483163110526848
2343,335763,0.46889572378212124
2344,38015,0.45806824754193176
2345,275032,0.48152025489303596
2346,131321,0.4651458782063834
2347,25947,0.4460648858868079
2348,25859,0.43829878638169906
2349,328488,0.5527838917420722
2350,14862,0.6458897120802094
2351,353833,0.6411052800685445
2352,15062,0.637223974763407
2353,356237,0.6333232901476348
2354,3314,0.6399357028040722
2355,448079,0.5032366022281914
2356,366571,0.5016560991766821
2357,141172,0.4886868858494039
2358,26065,0.49177603785275725
2359,215130,0.47042532146389715
2360,26676,0.48670493147475696
2361,228946,0.5395744167822051
2362,292654,0.5303210463733651
2363,28123,0.5416044776119403
2364,25781,0.5667994966442953
2365,25598,0.5227722772277228
2366,26956,0.5272063539045928
2367,25939,0.526203273882238
2368,25800,0.47024366231848386
2369,26604,0.49508747964062416
2370,28528,0.497105571356868
2371,286915,0.49082592923610746
2372,25714,0.576961940047154
2373,277629,0.569445157316635
2374,25532,0.4795160156642233
2375,25384,0.46712847654628475
2376,20677,0.48444289067572294
2377,331923,0.5004257130693912
2378,373817,0.46087332468655423
2379,25526,0.5068804085685913
2380,86486,0.46209892111531453
2381,25919,0.47326354505587775
2382,487983,0.40097501523461304
2383,25716,0.4578813819256615
2384,99453,0.44483634311512416
2385,229697,0.47025112014171094
2386,364772,0.43825199229126516
2387,343116,0.4954954954954955
2388,25392,0.4924276093125021
2389,229140,0.4468325791855204
2390,253333,0.45411533654704517
2391,28232,0.5416962499193184
2392,284322,0.52731373792909
2393,25937,0.42636460934712805
2394,48318,0.5330282038594755
2395,99633,0.5075771407704948
2396,21174,0.6424235349054401
2397,134540,0.6370787010590148
2398,3334,0.6481608987135351
2399,20394,0.6421764851748202
2400,3276,0.5731377219575574
2401,25764,0.42906047926968427
2402,70711,0.4828553397377463
2403,25776,0.4988344988344988
2404,27955,0.48630524359699445
2405,49921,0.4847560975609756
2406,37796,0.47436044510726166
2407,4786,0.45544593841992204
2408,25710,0.501743679163034
2409,29590,0.4390429747028345
2410,255320,0.5525862068965517
2411,276978,0.5209125475285171
2412,209095,0.5216637781629117
2413,393228,0.5887223092414411
2414,412701,0.5174721835883171
2415,37714,0.5239975323874152
2416,217872,0.4098679098679099
2417,25382,0.5547571357035553
2418,341973,0.47107871559126424
2419,25993,0.463182294478138
2420,399576,0.5149780576225911
2421,134797,0.5284453909339824
2422,209207,0.39513965598863815
2423,93044,0.4263293615507736
2424,344744,0.5024793388429752
2425,26008,0.4978723404255319
2426,101795,0.4547899855162425
2427,300784,0.5112400290065264
2428,344927,0.43310178193899124
2429,234138,0.49107468123861564
2430,407699,0.44173140954495005
2431,397033,0.5121348641185874
2432,408052,0.46945749679624094
2433,25835,0.501861835158117
2434,149054,0.46778958507870716
2435,1712,0.5425476065479884
2436,28073,0.48780082987551865
2437,25562,0.47373107747105964
2438,25990,0.4429309231762427
2439,275243,0.43431040051679587
2440,25784,0.6427672955974842
2441,27958,0.5091425813716554
2442,278867,0.4890699634728856
2443,90880,0.46521221737405793
2444,256992,0.4596355492212155
2445,253784,0.4944521497919556
2446,25457,0.46746158367621127
2447,449985,0.6046887631366209
2448,339812,0.45454545454545453
2449,26547,0.45409556313993177
2450,471771,0.5734870317002881
2451,270306,0.4695091720376797
2452,256480,0.5041146656493541
2453,25650,0.4839788958949942
2454,20948,0.48588537211291705
2455,25625,0.5147048550471534
2456,404226,0.6067295327903987
2457,26069,0.4821889026836023
2458,245807,0.6019190871369294
2459,112377,0.439525762971645
2460,214609,0.5904267328968165
2461,25704,0.48203788373612017
2462,273819,0.4915696849276185
2463,21383,0.6506192146751765
2464,339964,0.4848143136370471
2465,26068,0.4912442396313364
2466,25846,0.4528323435358611
2467,278913,0.4231111111111111
2468,351851,0.47512263489838824
2469,7986,0.47898989898989897
2470,482491,0.48002385211687537
2471,326946,0.5761887389030768
2472,40810,0.6555393460911353
2473,352992,0.5872365339578455
2474,134542,0.5458597231996247
2475,493412,0.5178997613365155
2476,493415,0.5789473684210527
2477,26033,0.49930226067541167
2478,25467,0.4817150063051702
2479,28251,0.3796164772727273
2480,26006,0.5261401557285873
2481,26414,0.4434665688791101
2482,132972,0.5
2483,286382,0.4410211267605634
2484,521939,0.5968468468468469
2485,286388,0.4392206692079627
2486,25988,0.6535836177474402
2487,26216,0.4741693461950697
2488,209211,0.4575226353303795
2489,415917,0.40019474196689386
2490,247162,0.5251572327044025
2491,28055,0.46629213483146065
2492,54819,0.51876130198915
2493,134951,0.4893454267293192
2494,301016,0.0
2495,8533,0.44323161501075614
2496,26938,0.48498971898560655
2497,26046,0.5137553861451774
2498,38236,0.45819256756756754
2499,25930,0.43605058285620135
2500,25789,0.44438669438669437
2501,374118,0.5178571428571429
2502,3573,0.5114792211566405
2503,25423,0.46557486631016043
2504,26970,0.3483057525610717
2505,25427,0.5494091023384461
2506,237267,0.4717948717948718
2507,331918,0.5568445475638051
2508,76201,0.49140401146131807
2509,28364,0.48181156784285195
2510,26245,0.4703740483283681
2511,397030,0.6775147928994083
2512,404227,0.5592920353982301
2513,229078,0.44249900517309987
2514,217878,0.48414753951951417
2515,285457,0.4600274097761535
2516,8268,0.46642147848473703
2517,266917,0.45164113785557986
2518,278513,0.5466012613875263
2519,258263,0.5234592120320418
2520,274345,0.4822262118491921
2521,25938,0.5
2522,26085,0.4460220318237454
2523,497355,0.6367816091954023
2524,138577,0.4734195402298851
2525,499295,0.593939393939394
2526,274970,0.5222211125536802
2527,54313,0.36601007787448464
2528,25474,0.459894436272389
2529,233855,0.5699100572363042
2530,302908,0.5699100572363042
2531,25996,0.5977443609022557
2532,135937,0.41610347238405965
2533,149062,0.4315277327278625
2534,342194,0.37748344370860926
2535,20531,0.5378801511606982
2536,222761,0.4648318042813456
2537,26378,0.3602941176470588
2538,40574,0.5343137254901961
2539,207002,0.45222513089005234
2540,14913,0.47941281775868244
2541,406156,0.5331632653061225
2542,437011,0.7035398230088495
2543,367146,0.4175257731958763
2544,229119,0.4011676396997498
2545,25479,0.8333333333333334
2546,372547,0.49162198391420914
2547,426704,0.4293785310734463
2548,286506,0.4459665144596651
2549,26665,0.5372100030129557
2550,489202,0.5918367346938775
2551,437057,0.44274809160305345
2552,286381,0.3381974248927039
2553,216614,0.5144291091593476
2554,285139,0.4258064516129032
2555,288423,0.4136566056407719
2556,101555,0.5285996055226825
2557,70171,0.5748031496062992
2558,376908,0.47766990291262135
2559,139295,0.536046511627907
2560,25633,0.5072635635932404
2561,217867,0.36401673640167365
2562,330395,0.5178571428571429
2563,248632,0.615819209039548
2564,331913,0.4520547945205479
2565,421809,0.6080476900149031
2566,37734,0.5978835978835979
2567,25519,0.40937781785392247
2568,294697,0.6484848484848484
2569,342088,0.3503184713375796
